"Participant","Session","Condition","VAS","PANASpos","PANASneg","Vividness","Valence","RRSbrooding","RRSreflection","Verbality","Age","Laterality","Gender"
1,"Baseline","Tapping",13.88,23,15,76.88,99.13,15,18,0.4,18,"D","F"
1,"Post-induction","Tapping",75.75,23,15,76.88,99.13,15,18,0.4,18,"D","F"
1,"Post-motor","Tapping",84.5,23,15,76.88,99.13,15,18,0.4,18,"D","F"
2,"Baseline","Mouthing",83.13,30,14,62.25,36.75,12,12,0.75,18,"D","F"
2,"Post-induction","Mouthing",55,30,14,62.25,36.75,12,12,0.75,18,"D","F"
2,"Post-motor","Mouthing",45.63,30,14,62.25,36.75,12,12,0.75,18,"D","F"
3,"Baseline","Mouthing",12.63,35,12,11,68.88,9,12,2.5,19,"D","F"
3,"Post-induction","Mouthing",38.5,35,12,11,68.88,9,12,2.5,19,"D","F"
3,"Post-motor","Mouthing",0,35,12,11,68.88,9,12,2.5,19,"D","F"
4,"Baseline","Tapping",64.38,21,24,50,40.5,11,19,5,21,"D","F"
4,"Post-induction","Tapping",56,21,24,50,40.5,11,19,5,21,"D","F"
4,"Post-motor","Tapping",48.63,21,24,50,40.5,11,19,5,21,"D","F"
5,"Baseline","Mouthing",76.63,35,28,77.63,3.62,13,13,1,19,"D","F"
5,"Post-induction","Mouthing",76.88,35,28,77.63,3.62,13,13,1,19,"D","F"
5,"Post-motor","Mouthing",77.13,35,28,77.63,3.62,13,13,1,19,"D","F"
6,"Baseline","Tapping",37.75,29,14,80.75,46,11,9,0.5,19,"D","F"
6,"Post-induction","Tapping",17.63,29,14,80.75,46,11,9,0.5,19,"D","F"
6,"Post-motor","Tapping",4.5,29,14,80.75,46,11,9,0.5,19,"D","F"
7,"Baseline","Mouthing",10.63,32,15,38.38,7.12,11,9,1.5,20,"D","F"
7,"Post-induction","Mouthing",74,32,15,38.38,7.12,11,9,1.5,20,"D","F"
7,"Post-motor","Mouthing",57.88,32,15,38.38,7.12,11,9,1.5,20,"D","F"
8,"Baseline","Tapping",0,34,10,37.13,19.63,9,7,2.5,18,"D","F"
8,"Post-induction","Tapping",73.38,34,10,37.13,19.63,9,7,2.5,18,"D","F"
8,"Post-motor","Tapping",95.25,34,10,37.13,19.63,9,7,2.5,18,"D","F"
9,"Baseline","Mouthing",0,31,11,47.63,49.88,11,14,1.33333333333333,21,"D","F"
9,"Post-induction","Mouthing",61.88,31,11,47.63,49.88,11,14,1.33333333333333,21,"D","F"
9,"Post-motor","Mouthing",77,31,11,47.63,49.88,11,14,1.33333333333333,21,"D","F"
10,"Baseline","Tapping",1.25,30,11,47.88,46.63,13,12,1,21,"D","F"
10,"Post-induction","Tapping",4.63,30,11,47.88,46.63,13,12,1,21,"D","F"
10,"Post-motor","Tapping",9.5,30,11,47.88,46.63,13,12,1,21,"D","F"
11,"Baseline","Mouthing",8.75,30,11,6,2,9,17,1.25,19,"D","F"
11,"Post-induction","Mouthing",10.25,30,11,6,2,9,17,1.25,19,"D","F"
11,"Post-motor","Mouthing",6.63,30,11,6,2,9,17,1.25,19,"D","F"
12,"Baseline","Tapping",19.75,28,12,100,14.75,10,11,0.25,19,"D","F"
12,"Post-induction","Tapping",23.25,28,12,100,14.75,10,11,0.25,19,"D","F"
12,"Post-motor","Tapping",14.37,28,12,100,14.75,10,11,0.25,19,"D","F"
13,"Baseline","Tapping",18.88,37,12,83.75,34.63,13,7,1,20,"D","F"
13,"Post-induction","Tapping",38.38,37,12,83.75,34.63,13,7,1,20,"D","F"
13,"Post-motor","Tapping",56.5,37,12,83.75,34.63,13,7,1,20,"D","F"
14,"Baseline","Tapping",40.38,34,11,24.13,6.63,9,9,1.66666666666667,20,"D","F"
14,"Post-induction","Tapping",53.75,34,11,24.13,6.63,9,9,1.66666666666667,20,"D","F"
14,"Post-motor","Tapping",65,34,11,24.13,6.63,9,9,1.66666666666667,20,"D","F"
15,"Baseline","Mouthing",63.5,29,11,81.75,19,11,17,1.25,22,"D","F"
15,"Post-induction","Mouthing",67.5,29,11,81.75,19,11,17,1.25,22,"D","F"
15,"Post-motor","Mouthing",24.25,29,11,81.75,19,11,17,1.25,22,"D","F"
16,"Baseline","Mouthing",21.75,27,13,66.75,47.88,14,15,1.33333333333333,20,"D","F"
16,"Post-induction","Mouthing",9.88,27,13,66.75,47.88,14,15,1.33333333333333,20,"D","F"
16,"Post-motor","Mouthing",9.38,27,13,66.75,47.88,14,15,1.33333333333333,20,"D","F"
17,"Baseline","Tapping",25.75,38,20,65.5,47,12,16,1.25,18,"D","F"
17,"Post-induction","Tapping",31.5,38,20,65.5,47,12,16,1.25,18,"D","F"
17,"Post-motor","Tapping",16.88,38,20,65.5,47,12,16,1.25,18,"D","F"
18,"Baseline","Mouthing",96.75,28,29,90.13,59.25,12,11,0.4,23,"D","F"
18,"Post-induction","Mouthing",83.88,28,29,90.13,59.25,12,11,0.4,23,"D","F"
18,"Post-motor","Mouthing",75,28,29,90.13,59.25,12,11,0.4,23,"D","F"
19,"Baseline","Mouthing",43.13,30,13,81.5,39.75,15,14,1,20,"D","F"
19,"Post-induction","Mouthing",15.75,30,13,81.5,39.75,15,14,1,20,"D","F"
19,"Post-motor","Mouthing",9.5,30,13,81.5,39.75,15,14,1,20,"D","F"
20,"Baseline","Tapping",0,31,10,28.88,43.63,10,11,5,18,"D","F"
20,"Post-induction","Tapping",0,31,10,28.88,43.63,10,11,5,18,"D","F"
20,"Post-motor","Tapping",0,31,10,28.88,43.63,10,11,5,18,"D","F"
21,"Baseline","Mouthing",72.38,31,18,35.25,11,13,9,1.25,21,"D","F"
21,"Post-induction","Mouthing",27.13,31,18,35.25,11,13,9,1.25,21,"D","F"
21,"Post-motor","Mouthing",33.25,31,18,35.25,11,13,9,1.25,21,"D","F"
22,"Baseline","Mouthing",40.75,26,26,81.13,8,14,8,1.66666666666667,18,"D","F"
22,"Post-induction","Mouthing",51.13,26,26,81.13,8,14,8,1.66666666666667,18,"D","F"
22,"Post-motor","Mouthing",34.5,26,26,81.13,8,14,8,1.66666666666667,18,"D","F"
23,"Baseline","Mouthing",31.37,25,16,23.75,50.13,10,9,5,20,"D","F"
23,"Post-induction","Mouthing",24,25,16,23.75,50.13,10,9,5,20,"D","F"
23,"Post-motor","Mouthing",36.25,25,16,23.75,50.13,10,9,5,20,"D","F"
24,"Baseline","Mouthing",66.25,24,16,67.13,0,14,14,1.66666666666667,18,"D","F"
24,"Post-induction","Mouthing",25.37,24,16,67.13,0,14,14,1.66666666666667,18,"D","F"
24,"Post-motor","Mouthing",29.13,24,16,67.13,0,14,14,1.66666666666667,18,"D","F"
25,"Baseline","Mouthing",63.5,21,14,59,0,13,9,1,19,"D","F"
25,"Post-induction","Mouthing",66.25,21,14,59,0,13,9,1,19,"D","F"
25,"Post-motor","Mouthing",45.63,21,14,59,0,13,9,1,19,"D","F"
26,"Baseline","Tapping",26.38,35,16,48.75,80.38,13,9,1.25,18,"D","F"
26,"Post-induction","Tapping",9.13,35,16,48.75,80.38,13,9,1.25,18,"D","F"
26,"Post-motor","Tapping",1.63,35,16,48.75,80.38,13,9,1.25,18,"D","F"
27,"Baseline","Tapping",12.75,31,12,28.5,32.13,10,12,0.4,20,"D","F"
27,"Post-induction","Tapping",22,31,12,28.5,32.13,10,12,0.4,20,"D","F"
27,"Post-motor","Tapping",33.75,31,12,28.5,32.13,10,12,0.4,20,"D","F"
28,"Baseline","Tapping",55.25,21,26,63.88,66.88,9,8,1.33333333333333,19,"D","F"
28,"Post-induction","Tapping",13.63,21,26,63.88,66.88,9,8,1.33333333333333,19,"D","F"
28,"Post-motor","Tapping",79.13,21,26,63.88,66.88,9,8,1.33333333333333,19,"D","F"
29,"Baseline","Mouthing",57.5,32,24,72.5,5.63,10,9,0.333333333333333,19,"D","F"
29,"Post-induction","Mouthing",60,32,24,72.5,5.63,10,9,0.333333333333333,19,"D","F"
29,"Post-motor","Mouthing",42.38,32,24,72.5,5.63,10,9,0.333333333333333,19,"D","F"
30,"Baseline","Mouthing",10.13,26,24,72.13,21,14,8,0.8,18,"D","F"
30,"Post-induction","Mouthing",14.88,26,24,72.13,21,14,8,0.8,18,"D","F"
30,"Post-motor","Mouthing",58,26,24,72.13,21,14,8,0.8,18,"D","F"
31,"Baseline","Mouthing",0,28,10,0,28.13,12,9,4,19,"D","F"
31,"Post-induction","Mouthing",21.75,28,10,0,28.13,12,9,4,19,"D","F"
31,"Post-motor","Mouthing",0,28,10,0,28.13,12,9,4,19,"D","F"
32,"Baseline","Tapping",0.38,38,11,100,51.75,11,10,1.66666666666667,19,"D","F"
32,"Post-induction","Tapping",73.25,38,11,100,51.75,11,10,1.66666666666667,19,"D","F"
32,"Post-motor","Tapping",36.88,38,11,100,51.75,11,10,1.66666666666667,19,"D","F"
33,"Baseline","Mouthing",28.13,33,14,14.88,21.88,9,16,0.8,22,"D","F"
33,"Post-induction","Mouthing",4.13,33,14,14.88,21.88,9,16,0.8,22,"D","F"
33,"Post-motor","Mouthing",0.63,33,14,14.88,21.88,9,16,0.8,22,"D","F"
34,"Baseline","Tapping",31.62,29,15,58.63,60.75,14,14,1.25,19,"D","F"
34,"Post-induction","Tapping",70.88,29,15,58.63,60.75,14,14,1.25,19,"D","F"
34,"Post-motor","Tapping",71.5,29,15,58.63,60.75,14,14,1.25,19,"D","F"
35,"Baseline","Mouthing",0,31,14,51.75,43.25,16,8,1.33333333333333,18,"D","F"
35,"Post-induction","Mouthing",19.88,31,14,51.75,43.25,16,8,1.33333333333333,18,"D","F"
35,"Post-motor","Mouthing",29.75,31,14,51.75,43.25,16,8,1.33333333333333,18,"D","F"
36,"Baseline","Tapping",50,34,28,75.75,49.13,13,8,2,19,"D","F"
36,"Post-induction","Tapping",24.75,34,28,75.75,49.13,13,8,2,19,"D","F"
36,"Post-motor","Tapping",69,34,28,75.75,49.13,13,8,2,19,"D","F"
37,"Baseline","Tapping",0,35,10,32.63,35.63,8,8,2.5,19,"D","F"
37,"Post-induction","Tapping",0,35,10,32.63,35.63,8,8,2.5,19,"D","F"
37,"Post-motor","Tapping",0,35,10,32.63,35.63,8,8,2.5,19,"D","F"
38,"Baseline","Mouthing",18.63,26,18,76,2.75,9,11,1,22,"D","F"
38,"Post-induction","Mouthing",10.25,26,18,76,2.75,9,11,1,22,"D","F"
38,"Post-motor","Mouthing",2,26,18,76,2.75,9,11,1,22,"D","F"
39,"Baseline","Tapping",20,22,10,20.5,23.25,14,11,3,19,"D","F"
39,"Post-induction","Tapping",17,22,10,20.5,23.25,14,11,3,19,"D","F"
39,"Post-motor","Tapping",20.25,22,10,20.5,23.25,14,11,3,19,"D","F"
40,"Baseline","Tapping",85.88,26,21,100,33.75,14,15,1,22,"D","F"
40,"Post-induction","Tapping",100,26,21,100,33.75,14,15,1,22,"D","F"
40,"Post-motor","Tapping",100,26,21,100,33.75,14,15,1,22,"D","F"
41,"Baseline","Mouthing",30.63,36,13,71.38,22.75,13,17,0.4,23,"D","H"
41,"Post-induction","Mouthing",52.25,36,13,71.38,22.75,13,17,0.4,23,"D","H"
41,"Post-motor","Mouthing",26.25,36,13,71.38,22.75,13,17,0.4,23,"D","H"
42,"Baseline","Mouthing",14.12,28,18,35.63,21,13,11,2.5,21,"D","F"
42,"Post-induction","Mouthing",48.13,28,18,35.63,21,13,11,2.5,21,"D","F"
42,"Post-motor","Mouthing",47.25,28,18,35.63,21,13,11,2.5,21,"D","F"
43,"Baseline","Tapping",22.5,32,11,67.75,31.37,9,6,1,20,"G","H"
43,"Post-induction","Tapping",35.88,32,11,67.75,31.37,9,6,1,20,"G","H"
43,"Post-motor","Tapping",53,32,11,67.75,31.37,9,6,1,20,"G","H"
44,"Baseline","Tapping",62.63,33,35,87.63,16.75,14,14,1.66666666666667,19,"D","F"
44,"Post-induction","Tapping",65.75,33,35,87.63,16.75,14,14,1.66666666666667,19,"D","F"
44,"Post-motor","Tapping",63.88,33,35,87.63,16.75,14,14,1.66666666666667,19,"D","F"
45,"Baseline","Mouthing",4.88,31,10,7.12,8.38,9,9,0.6,19,"D","F"
45,"Post-induction","Mouthing",0.88,31,10,7.12,8.38,9,9,0.6,19,"D","F"
45,"Post-motor","Mouthing",0.38,31,10,7.12,8.38,9,9,0.6,19,"D","F"
46,"Baseline","Mouthing",90.13,24,14,60.5,40.88,12,12,2.5,20,"D","F"
46,"Post-induction","Mouthing",98.13,24,14,60.5,40.88,12,12,2.5,20,"D","F"
46,"Post-motor","Mouthing",78.38,24,14,60.5,40.88,12,12,2.5,20,"D","F"
47,"Baseline","Tapping",50.25,24,11,82.13,65.13,8,8,0.666666666666667,19,"D","F"
47,"Post-induction","Tapping",74.25,24,11,82.13,65.13,8,8,0.666666666666667,19,"D","F"
47,"Post-motor","Tapping",62.38,24,11,82.13,65.13,8,8,0.666666666666667,19,"D","F"
48,"Baseline","Tapping",20.5,24,11,58.38,32.88,10,12,1.33333333333333,23,"D","F"
48,"Post-induction","Tapping",67.38,24,11,58.38,32.88,10,12,1.33333333333333,23,"D","F"
48,"Post-motor","Tapping",74.75,24,11,58.38,32.88,10,12,1.33333333333333,23,"D","F"
49,"Baseline","Mouthing",26.88,27,20,28.13,3.62,10,11,0.5,26,"G","F"
49,"Post-induction","Mouthing",23.25,27,20,28.13,3.62,10,11,0.5,26,"G","F"
49,"Post-motor","Mouthing",31.25,27,20,28.13,3.62,10,11,0.5,26,"G","F"
50,"Baseline","Mouthing",11.25,33,10,39.38,85,10,11,1,20,"D","H"
50,"Post-induction","Mouthing",15.13,33,10,39.38,85,10,11,1,20,"D","H"
50,"Post-motor","Mouthing",7.88,33,10,39.38,85,10,11,1,20,"D","H"
51,"Baseline","Mouthing",48.13,31,15,62,31.5,14,16,1.33333333333333,19,"D","F"
51,"Post-induction","Mouthing",61.25,31,15,62,31.5,14,16,1.33333333333333,19,"D","F"
51,"Post-motor","Mouthing",64.88,31,15,62,31.5,14,16,1.33333333333333,19,"D","F"
52,"Baseline","Mouthing",51.13,27,19,64.38,25.25,13,11,1,18,"D","F"
52,"Post-induction","Mouthing",52.38,27,19,64.38,25.25,13,11,1,18,"D","F"
52,"Post-motor","Mouthing",51.63,27,19,64.38,25.25,13,11,1,18,"D","F"
53,"Baseline","Tapping",0,31,11,86.63,34,13,15,1,22,"D","F"
53,"Post-induction","Tapping",33.25,31,11,86.63,34,13,15,1,22,"D","F"
53,"Post-motor","Tapping",13.88,31,11,86.63,34,13,15,1,22,"D","F"
54,"Baseline","Mouthing",6.63,34,11,23.13,62.88,9,10,1,24,"D","H"
54,"Post-induction","Mouthing",17.13,34,11,23.13,62.88,9,10,1,24,"D","H"
54,"Post-motor","Mouthing",41.5,34,11,23.13,62.88,9,10,1,24,"D","H"
55,"Baseline","Tapping",32.75,30,12,77.25,40.38,11,7,1.33333333333333,19,"D","F"
55,"Post-induction","Tapping",19.75,30,12,77.25,40.38,11,7,1.33333333333333,19,"D","F"
55,"Post-motor","Tapping",32.5,30,12,77.25,40.38,11,7,1.33333333333333,19,"D","F"
56,"Baseline","Mouthing",14.37,34,10,4.63,64.13,9,12,1,22,"D","F"
56,"Post-induction","Mouthing",8.88,34,10,4.63,64.13,9,12,1,22,"D","F"
56,"Post-motor","Mouthing",48.88,34,10,4.63,64.13,9,12,1,22,"D","F"
57,"Baseline","Mouthing",49.13,35,33,78.88,50.63,19,18,1,23,"D","F"
57,"Post-induction","Mouthing",70.75,35,33,78.88,50.63,19,18,1,23,"D","F"
57,"Post-motor","Mouthing",67,35,33,78.88,50.63,19,18,1,23,"D","F"
58,"Baseline","Tapping",50.13,26,16,100,79.63,12,11,0.75,18,"D","F"
58,"Post-induction","Tapping",42.25,26,16,100,79.63,12,11,0.75,18,"D","F"
58,"Post-motor","Tapping",58.75,26,16,100,79.63,12,11,0.75,18,"D","F"
59,"Baseline","Tapping",13.38,34,16,7,45.5,14,15,2.5,23,"D","H"
59,"Post-induction","Tapping",10.38,34,16,7,45.5,14,15,2.5,23,"D","H"
59,"Post-motor","Tapping",15.25,34,16,7,45.5,14,15,2.5,23,"D","H"
60,"Baseline","Tapping",100,28,21,80.25,0,20,19,1,22,"D","F"
60,"Post-induction","Tapping",100,28,21,80.25,0,20,19,1,22,"D","F"
60,"Post-motor","Tapping",100,28,21,80.25,0,20,19,1,22,"D","F"
61,"Baseline","Tapping",6.88,33,18,39.38,26,13,10,1.33333333333333,21,"D","F"
61,"Post-induction","Tapping",21,33,18,39.38,26,13,10,1.33333333333333,21,"D","F"
61,"Post-motor","Tapping",55.38,33,18,39.38,26,13,10,1.33333333333333,21,"D","F"
62,"Baseline","Mouthing",40.38,35,21,38.63,23,11,6,1,22,"D","F"
62,"Post-induction","Mouthing",19.63,35,21,38.63,23,11,6,1,22,"D","F"
62,"Post-motor","Mouthing",27.75,35,21,38.63,23,11,6,1,22,"D","F"
63,"Baseline","Mouthing",4.13,38,17,97.75,3.38,14,20,1,18,"D","F"
63,"Post-induction","Mouthing",1.38,38,17,97.75,3.38,14,20,1,18,"D","F"
63,"Post-motor","Mouthing",51.5,38,17,97.75,3.38,14,20,1,18,"D","F"
64,"Baseline","Mouthing",30.25,24,12,3.75,0.63,9,9,4,18,"D","F"
64,"Post-induction","Mouthing",54.5,24,12,3.75,0.63,9,9,4,18,"D","F"
64,"Post-motor","Mouthing",60.38,24,12,3.75,0.63,9,9,4,18,"D","F"
65,"Baseline","Tapping",17.5,32,14,76.63,49.13,11,8,2,20,"D","F"
65,"Post-induction","Tapping",9.13,32,14,76.63,49.13,11,8,2,20,"D","F"
65,"Post-motor","Tapping",11.63,32,14,76.63,49.13,11,8,2,20,"D","F"
66,"Baseline","Tapping",0,33,12,41.63,40.63,10,8,1,21,"D","F"
66,"Post-induction","Tapping",0,33,12,41.63,40.63,10,8,1,21,"D","F"
66,"Post-motor","Tapping",0,33,12,41.63,40.63,10,8,1,21,"D","F"
67,"Baseline","Mouthing",0,37,10,46.88,73.63,6,18,0.8,20,"G","F"
67,"Post-induction","Mouthing",39.75,37,10,46.88,73.63,6,18,0.8,20,"G","F"
67,"Post-motor","Mouthing",25.87,37,10,46.88,73.63,6,18,0.8,20,"G","F"
68,"Baseline","Tapping",18.13,32,18,35.25,48.5,15,12,1.25,19,"G","F"
68,"Post-induction","Tapping",30.13,32,18,35.25,48.5,15,12,1.25,19,"G","F"
68,"Post-motor","Tapping",38.5,32,18,35.25,48.5,15,12,1.25,19,"G","F"
69,"Baseline","Mouthing",17.13,38,10,14.63,4.75,13,15,1.25,18,"D","F"
69,"Post-induction","Mouthing",32.13,38,10,14.63,4.75,13,15,1.25,18,"D","F"
69,"Post-motor","Mouthing",12.75,38,10,14.63,4.75,13,15,1.25,18,"D","F"
70,"Baseline","Tapping",67.25,27,20,55.88,50.75,15,13,1.25,20,"D","F"
70,"Post-induction","Tapping",77.38,27,20,55.88,50.75,15,13,1.25,20,"D","F"
70,"Post-motor","Tapping",95.75,27,20,55.88,50.75,15,13,1.25,20,"D","F"
71,"Baseline","Mouthing",16.38,35,14,95.13,28.88,12,12,0.8,19,"D","F"
71,"Post-induction","Mouthing",63.13,35,14,95.13,28.88,12,12,0.8,19,"D","F"
71,"Post-motor","Mouthing",91.75,35,14,95.13,28.88,12,12,0.8,19,"D","F"
72,"Baseline","Mouthing",50.5,29,13,24.88,14.5,13,10,1.25,19,"D","F"
72,"Post-induction","Mouthing",0,29,13,24.88,14.5,13,10,1.25,19,"D","F"
72,"Post-motor","Mouthing",0,29,13,24.88,14.5,13,10,1.25,19,"D","F"
73,"Baseline","Tapping",7.12,31,11,49.63,76.25,11,13,1.66666666666667,24,"D","F"
73,"Post-induction","Tapping",24.88,31,11,49.63,76.25,11,13,1.66666666666667,24,"D","F"
73,"Post-motor","Tapping",4.63,31,11,49.63,76.25,11,13,1.66666666666667,24,"D","F"
74,"Baseline","Tapping",3,31,12,22,22.75,13,18,1.66666666666667,18,"D","F"
74,"Post-induction","Tapping",19.25,31,12,22,22.75,13,18,1.66666666666667,18,"D","F"
74,"Post-motor","Tapping",1.75,31,12,22,22.75,13,18,1.66666666666667,18,"D","F"
75,"Baseline","Tapping",23.63,27,20,20.63,67.5,15,9,1.33333333333333,19,"D","F"
75,"Post-induction","Tapping",73.13,27,20,20.63,67.5,15,9,1.33333333333333,19,"D","F"
75,"Post-motor","Tapping",23.88,27,20,20.63,67.5,15,9,1.33333333333333,19,"D","F"
76,"Baseline","Tapping",26.5,26,14,78.75,15.88,16,16,0.5,19,"D","F"
76,"Post-induction","Tapping",47.63,26,14,78.75,15.88,16,16,0.5,19,"D","F"
76,"Post-motor","Tapping",63.13,26,14,78.75,15.88,16,16,0.5,19,"D","F"
77,"Baseline","Mouthing",87.88,27,29,4.13,38.63,12,15,4,18,"D","F"
77,"Post-induction","Mouthing",88.5,27,29,4.13,38.63,12,15,4,18,"D","F"
77,"Post-motor","Mouthing",47.88,27,29,4.13,38.63,12,15,4,18,"D","F"
78,"Baseline","Tapping",10.13,28,10,12.75,6.63,10,16,1.66666666666667,18,"D","H"
78,"Post-induction","Tapping",18.38,28,10,12.75,6.63,10,16,1.66666666666667,18,"D","H"
78,"Post-motor","Tapping",21.25,28,10,12.75,6.63,10,16,1.66666666666667,18,"D","H"
79,"Baseline","Tapping",8.5,32,11,100,7.88,14,10,3,18,"D","F"
79,"Post-induction","Tapping",49.88,32,11,100,7.88,14,10,3,18,"D","F"
79,"Post-motor","Tapping",9.13,32,11,100,7.88,14,10,3,18,"D","F"
80,"Baseline","Tapping",8,36,11,92.25,77.5,11,8,2,20,"D","F"
80,"Post-induction","Tapping",37.5,36,11,92.25,77.5,11,8,2,20,"D","F"
80,"Post-motor","Tapping",66.88,36,11,92.25,77.5,11,8,2,20,"D","F"
81,"Baseline","Tapping",4.25,34,22,100,3.5,14,15,5,18,"G","F"
81,"Post-induction","Tapping",6.5,34,22,100,3.5,14,15,5,18,"G","F"
81,"Post-motor","Tapping",15.25,34,22,100,3.5,14,15,5,18,"G","F"
82,"Baseline","Tapping",0,30,23,21.38,51,7,16,1.25,20,"D","H"
82,"Post-induction","Tapping",21.25,30,23,21.38,51,7,16,1.25,20,"D","H"
82,"Post-motor","Tapping",11.63,30,23,21.38,51,7,16,1.25,20,"D","H"
83,"Baseline","Mouthing",27.38,33,14,100,0,12,17,5,20,"D","F"
83,"Post-induction","Mouthing",94.63,33,14,100,0,12,17,5,20,"D","F"
83,"Post-motor","Mouthing",32.63,33,14,100,0,12,17,5,20,"D","F"
84,"Baseline","Tapping",24.25,31,14,67.5,21.63,9,8,0.4,19,"D","F"
84,"Post-induction","Tapping",11.25,31,14,67.5,21.63,9,8,0.4,19,"D","F"
84,"Post-motor","Tapping",16,31,14,67.5,21.63,9,8,0.4,19,"D","F"
85,"Baseline","Mouthing",0,32,13,45.38,24.38,14,8,0.25,18,"D","F"
85,"Post-induction","Mouthing",50.75,32,13,45.38,24.38,14,8,0.25,18,"D","F"
85,"Post-motor","Mouthing",40.88,32,13,45.38,24.38,14,8,0.25,18,"D","F"
86,"Baseline","Mouthing",79.5,24,12,51,0,17,7,2,21,"D","F"
86,"Post-induction","Mouthing",74.13,24,12,51,0,17,7,2,21,"D","F"
86,"Post-motor","Mouthing",50.88,24,12,51,0,17,7,2,21,"D","F"
87,"Baseline","Tapping",0,32,11,51.5,17,12,10,1,20,"D","F"
87,"Post-induction","Tapping",14.37,32,11,51.5,17,12,10,1,20,"D","F"
87,"Post-motor","Tapping",28.75,32,11,51.5,17,12,10,1,20,"D","F"
88,"Baseline","Tapping",0,35,12,51.25,0,16,10,5,19,"D","F"
88,"Post-induction","Tapping",88.13,35,12,51.25,0,16,10,5,19,"D","F"
88,"Post-motor","Tapping",74.75,35,12,51.25,0,16,10,5,19,"D","F"
89,"Baseline","Mouthing",25.75,32,12,64.13,28.13,10,12,1.5,25,"D","H"
89,"Post-induction","Mouthing",31.75,32,12,64.13,28.13,10,12,1.5,25,"D","H"
89,"Post-motor","Mouthing",20.38,32,12,64.13,28.13,10,12,1.5,25,"D","H"
90,"Baseline","Mouthing",0,42,21,24.13,8,13,10,1,19,"D","F"
90,"Post-induction","Mouthing",45.5,42,21,24.13,8,13,10,1,19,"D","F"
90,"Post-motor","Mouthing",13.13,42,21,24.13,8,13,10,1,19,"D","F"
91,"Baseline","Tapping",76.38,28,19,81.88,100,14,12,1,19,"D","F"
91,"Post-induction","Tapping",51.38,28,19,81.88,100,14,12,1,19,"D","F"
91,"Post-motor","Tapping",78.25,28,19,81.88,100,14,12,1,19,"D","F"
92,"Baseline","Tapping",38.5,32,21,43.88,43.5,18,16,0.8,20,"D","F"
92,"Post-induction","Tapping",54.25,32,21,43.88,43.5,18,16,0.8,20,"D","F"
92,"Post-motor","Tapping",49.63,32,21,43.88,43.5,18,16,0.8,20,"D","F"
93,"Baseline","Mouthing",24.63,29,13,56.38,0,12,15,1.33333333333333,22,"D","F"
93,"Post-induction","Mouthing",55,29,13,56.38,0,12,15,1.33333333333333,22,"D","F"
93,"Post-motor","Mouthing",57.5,29,13,56.38,0,12,15,1.33333333333333,22,"D","F"
94,"Baseline","Mouthing",17.5,37,10,82.5,21,10,17,4,20,"D","F"
94,"Post-induction","Mouthing",57.38,37,10,82.5,21,10,17,4,20,"D","F"
94,"Post-motor","Mouthing",61.63,37,10,82.5,21,10,17,4,20,"D","F"
95,"Baseline","Tapping",67,30,12,73.13,30.38,13,13,1,19,"D","F"
95,"Post-induction","Tapping",83.25,30,12,73.13,30.38,13,13,1,19,"D","F"
95,"Post-motor","Tapping",61.5,30,12,73.13,30.38,13,13,1,19,"D","F"
96,"Baseline","Tapping",0.63,32,15,54.5,28.88,11,11,3,20,"D","F"
96,"Post-induction","Tapping",44.25,32,15,54.5,28.88,11,11,3,20,"D","F"
96,"Post-motor","Tapping",28.63,32,15,54.5,28.88,11,11,3,20,"D","F"
97,"Baseline","Mouthing",66.75,32,21,70.25,51.88,11,15,1,18,"D","F"
97,"Post-induction","Mouthing",67.38,32,21,70.25,51.88,11,15,1,18,"D","F"
97,"Post-motor","Mouthing",69.63,32,21,70.25,51.88,11,15,1,18,"D","F"
98,"Baseline","Tapping",33.5,30,16,57.25,15.75,12,7,0.75,18,"D","F"
98,"Post-induction","Tapping",68.38,30,16,57.25,15.75,12,7,0.75,18,"D","F"
98,"Post-motor","Tapping",79.5,30,16,57.25,15.75,12,7,0.75,18,"D","F"
99,"Baseline","Tapping",17.88,37,19,79.13,89.13,8,13,4,19,"D","F"
99,"Post-induction","Tapping",53.5,37,19,79.13,89.13,8,13,4,19,"D","F"
99,"Post-motor","Tapping",63.63,37,19,79.13,89.13,8,13,4,19,"D","F"
100,"Baseline","Mouthing",0,30,10,53.37,11.25,13,13,0.8,24,"D","F"
100,"Post-induction","Mouthing",0,30,10,53.37,11.25,13,13,0.8,24,"D","F"
100,"Post-motor","Mouthing",1.5,30,10,53.37,11.25,13,13,0.8,24,"D","F"
101,"Baseline","Tapping",100,37,14,100,49.25,8,17,1.25,19,"D","F"
101,"Post-induction","Tapping",48.5,37,14,100,49.25,8,17,1.25,19,"D","F"
101,"Post-motor","Tapping",67.75,37,14,100,49.25,8,17,1.25,19,"D","F"
102,"Baseline","Mouthing",23.5,26,17,100,30.5,14,9,1.5,20,"D","F"
102,"Post-induction","Mouthing",87.5,26,17,100,30.5,14,9,1.5,20,"D","F"
102,"Post-motor","Mouthing",41.13,26,17,100,30.5,14,9,1.5,20,"D","F"
103,"Baseline","Mouthing",19.63,37,12,58.25,0.38,14,14,4,30,"D","F"
103,"Post-induction","Mouthing",27.13,37,12,58.25,0.38,14,14,4,30,"D","F"
103,"Post-motor","Mouthing",22.75,37,12,58.25,0.38,14,14,4,30,"D","F"
104,"Baseline","Tapping",15.13,31,22,74.63,36,9,8,1,19,"D","F"
104,"Post-induction","Tapping",8.75,31,22,74.63,36,9,8,1,19,"D","F"
104,"Post-motor","Tapping",16,31,22,74.63,36,9,8,1,19,"D","F"
105,"Baseline","Mouthing",31,26,27,100,4.5,13,12,0.4,21,"D","F"
105,"Post-induction","Mouthing",58.13,26,27,100,4.5,13,12,0.4,21,"D","F"
105,"Post-motor","Mouthing",91.25,26,27,100,4.5,13,12,0.4,21,"D","F"
106,"Baseline","Mouthing",24.75,29,17,71.63,20.38,15,14,1,22,"D","F"
106,"Post-induction","Mouthing",35.13,29,17,71.63,20.38,15,14,1,22,"D","F"
106,"Post-motor","Mouthing",50.88,29,17,71.63,20.38,15,14,1,22,"D","F"
107,"Baseline","Tapping",0,30,15,59.62,49.5,9,16,1,21,"D","F"
107,"Post-induction","Tapping",9.75,30,15,59.62,49.5,9,16,1,21,"D","F"
107,"Post-motor","Tapping",0.75,30,15,59.62,49.5,9,16,1,21,"D","F"
108,"Baseline","Mouthing",70.63,24,14,4.75,3.88,13,12,0.5,18,"D","F"
108,"Post-induction","Mouthing",72.75,24,14,4.75,3.88,13,12,0.5,18,"D","F"
108,"Post-motor","Mouthing",77.63,24,14,4.75,3.88,13,12,0.5,18,"D","F"
109,"Baseline","Tapping",63.13,29,18,64,11.88,15,14,4,19,"D","F"
109,"Post-induction","Tapping",36.5,29,18,64,11.88,15,14,4,19,"D","F"
109,"Post-motor","Tapping",44.25,29,18,64,11.88,15,14,4,19,"D","F"
110,"Baseline","Mouthing",6.25,33,11,49.13,3.75,10,11,0.75,20,"D","M"
110,"Post-induction","Mouthing",54.87,33,11,49.13,3.75,10,11,0.75,20,"D","M"
110,"Post-motor","Mouthing",44.25,33,11,49.13,3.75,10,11,0.75,20,"D","M"
111,"Baseline","Mouthing",36.13,34,15,67.38,0.88,17,13,3,21,"G","F"
111,"Post-induction","Mouthing",37.75,34,15,67.38,0.88,17,13,3,21,"G","F"
111,"Post-motor","Mouthing",24.63,34,15,67.38,0.88,17,13,3,21,"G","F"
112,"Baseline","Tapping",0,30,10,20.25,20.38,9,12,1,30,"G","F"
112,"Post-induction","Tapping",0,30,10,20.25,20.38,9,12,1,30,"G","F"
112,"Post-motor","Tapping",0,30,10,20.25,20.38,9,12,1,30,"G","F"
113,"Baseline","Mouthing",59.5,36,18,73.5,59.88,15,15,0.8,21,"D","F"
113,"Post-induction","Mouthing",52.13,36,18,73.5,59.88,15,15,0.8,21,"D","F"
113,"Post-motor","Mouthing",46.75,36,18,73.5,59.88,15,15,0.8,21,"D","F"
114,"Baseline","Tapping",16.38,35,27,60.5,7.5,13,12,1.25,18,"D","F"
114,"Post-induction","Tapping",29.75,35,27,60.5,7.5,13,12,1.25,18,"D","F"
114,"Post-motor","Tapping",91,35,27,60.5,7.5,13,12,1.25,18,"D","F"
115,"Baseline","Mouthing",2.13,30,13,46.25,12.38,13,12,1.66666666666667,18,"D","F"
115,"Post-induction","Mouthing",59,30,13,46.25,12.38,13,12,1.66666666666667,18,"D","F"
115,"Post-motor","Mouthing",10.63,30,13,46.25,12.38,13,12,1.66666666666667,18,"D","F"
116,"Baseline","Mouthing",49.75,29,14,67,35.5,12,13,1.33333333333333,20,"G","F"
116,"Post-induction","Mouthing",39.75,29,14,67,35.5,12,13,1.33333333333333,20,"G","F"
116,"Post-motor","Mouthing",9.88,29,14,67,35.5,12,13,1.33333333333333,20,"G","F"
117,"Baseline","Tapping",66.38,24,21,44.38,30.13,15,11,2.5,20,"D","F"
117,"Post-induction","Tapping",72,24,21,44.38,30.13,15,11,2.5,20,"D","F"
117,"Post-motor","Tapping",73.13,24,21,44.38,30.13,15,11,2.5,20,"D","F"
118,"Baseline","Tapping",10.88,45,14,22.63,76.13,8,9,0.666666666666667,31,"D","F"
118,"Post-induction","Tapping",14.88,45,14,22.63,76.13,8,9,0.666666666666667,31,"D","F"
118,"Post-motor","Tapping",1,45,14,22.63,76.13,8,9,0.666666666666667,31,"D","F"
119,"Baseline","Tapping",15.13,31,19,67.13,73.88,8,12,2.5,24,"D","F"
119,"Post-induction","Tapping",77.88,31,19,67.13,73.88,8,12,2.5,24,"D","F"
119,"Post-motor","Tapping",60.25,31,19,67.13,73.88,8,12,2.5,24,"D","F"
120,"Baseline","Mouthing",1.63,24,13,79.25,12.88,13,11,1.25,21,"G","M"
120,"Post-induction","Mouthing",87.5,24,13,79.25,12.88,13,11,1.25,21,"G","M"
120,"Post-motor","Mouthing",87.25,24,13,79.25,12.88,13,11,1.25,21,"G","M"
121,"Baseline","Tapping",0,29,10,25.12,58.5,10,9,2,21,"D","F"
121,"Post-induction","Tapping",0,29,10,25.12,58.5,10,9,2,21,"D","F"
121,"Post-motor","Tapping",0,29,10,25.12,58.5,10,9,2,21,"D","F"
122,"Baseline","Tapping",2.75,28,14,34.38,26.38,13,5,1,27,"G","F"
122,"Post-induction","Tapping",50.88,28,14,34.38,26.38,13,5,1,27,"G","F"
122,"Post-motor","Tapping",23.5,28,14,34.38,26.38,13,5,1,27,"G","F"
123,"Baseline","Mouthing",74.13,32,16,1.88,40.88,12,7,0.6,20,"D","F"
123,"Post-induction","Mouthing",64.25,32,16,1.88,40.88,12,7,0.6,20,"D","F"
123,"Post-motor","Mouthing",51.13,32,16,1.88,40.88,12,7,0.6,20,"D","F"
124,"Baseline","Mouthing",13.38,29,12,48.75,25.25,10,14,1.66666666666667,18,"D","F"
124,"Post-induction","Mouthing",60.38,29,12,48.75,25.25,10,14,1.66666666666667,18,"D","F"
124,"Post-motor","Mouthing",2.75,29,12,48.75,25.25,10,14,1.66666666666667,18,"D","F"
125,"Baseline","Mouthing",14.25,28,13,72.75,11,16,20,0.4,20,"G","F"
125,"Post-induction","Mouthing",10.75,28,13,72.75,11,16,20,0.4,20,"G","F"
125,"Post-motor","Mouthing",31.87,28,13,72.75,11,16,20,0.4,20,"G","F"
126,"Baseline","Tapping",3.62,29,17,75.25,0,16,12,0.4,24,"D","F"
126,"Post-induction","Tapping",21.13,29,17,75.25,0,16,12,0.4,24,"D","F"
126,"Post-motor","Tapping",3,29,17,75.25,0,16,12,0.4,24,"D","F"
127,"Baseline","Mouthing",78.5,23,18,49,67.63,10,8,5,19,"D","F"
127,"Post-induction","Mouthing",50.38,23,18,49,67.63,10,8,5,19,"D","F"
127,"Post-motor","Mouthing",60.62,23,18,49,67.63,10,8,5,19,"D","F"
128,"Baseline","Tapping",52.13,30,17,76.38,47.88,13,12,1,18,"D","F"
128,"Post-induction","Tapping",64.88,30,17,76.38,47.88,13,12,1,18,"D","F"
128,"Post-motor","Tapping",25.62,30,17,76.38,47.88,13,12,1,18,"D","F"
129,"Baseline","Mouthing",68.63,31,25,82.38,29.63,13,9,0.4,19,"D","F"
129,"Post-induction","Mouthing",92.38,31,25,82.38,29.63,13,9,0.4,19,"D","F"
129,"Post-motor","Mouthing",83.63,31,25,82.38,29.63,13,9,0.4,19,"D","F"
130,"Baseline","Tapping",18.25,35,13,18.88,23.13,18,5,5,21,"D","F"
130,"Post-induction","Tapping",0,35,13,18.88,23.13,18,5,5,21,"D","F"
130,"Post-motor","Tapping",0.38,35,13,18.88,23.13,18,5,5,21,"D","F"
131,"Baseline","Mouthing",0,28,13,7.5,49.38,7,8,0.666666666666667,22,"D","F"
131,"Post-induction","Mouthing",2,28,13,7.5,49.38,7,8,0.666666666666667,22,"D","F"
131,"Post-motor","Mouthing",0,28,13,7.5,49.38,7,8,0.666666666666667,22,"D","F"
132,"Baseline","Tapping",2.5,34,12,90.38,11.38,10,15,1.25,19,"D","F"
132,"Post-induction","Tapping",10.38,34,12,90.38,11.38,10,15,1.25,19,"D","F"
132,"Post-motor","Tapping",6.63,34,12,90.38,11.38,10,15,1.25,19,"D","F"
133,"Baseline","Tapping",29.75,36,16,83,39.38,13,11,0.75,20,"G","F"
133,"Post-induction","Tapping",52.38,36,16,83,39.38,13,11,0.75,20,"G","F"
133,"Post-motor","Tapping",33,36,16,83,39.38,13,11,0.75,20,"G","F"
134,"Baseline","Tapping",14.88,33,11,75.75,22.75,12,10,1,22,"D","F"
134,"Post-induction","Tapping",48.13,33,11,75.75,22.75,12,10,1,22,"D","F"
134,"Post-motor","Tapping",68.88,33,11,75.75,22.75,12,10,1,22,"D","F"
135,"Baseline","Mouthing",2.25,30,11,7.88,16,12,7,2,21,"D","F"
135,"Post-induction","Mouthing",4.13,30,11,7.88,16,12,7,2,21,"D","F"
135,"Post-motor","Mouthing",6.13,30,11,7.88,16,12,7,2,21,"D","F"
136,"Baseline","Tapping",0,37,12,47.5,6.63,13,7,1,20,"D","F"
136,"Post-induction","Tapping",0.75,37,12,47.5,6.63,13,7,1,20,"D","F"
136,"Post-motor","Tapping",0.25,37,12,47.5,6.63,13,7,1,20,"D","F"
137,"Baseline","Mouthing",82,27,10,12.5,5,16,10,2,19,"D","F"
137,"Post-induction","Mouthing",88.38,27,10,12.5,5,16,10,2,19,"D","F"
137,"Post-motor","Mouthing",84.88,27,10,12.5,5,16,10,2,19,"D","F"
138,"Baseline","Mouthing",0,37,11,3.13,49.38,9,7,2.5,19,"D","F"
138,"Post-induction","Mouthing",0,37,11,3.13,49.38,9,7,2.5,19,"D","F"
138,"Post-motor","Mouthing",5.75,37,11,3.13,49.38,9,7,2.5,19,"D","F"
139,"Baseline","Mouthing",54.25,38,37,38.13,0,15,17,0.75,22,"D","F"
139,"Post-induction","Mouthing",36.63,38,37,38.13,0,15,17,0.75,22,"D","F"
139,"Post-motor","Mouthing",42,38,37,38.13,0,15,17,0.75,22,"D","F"
140,"Baseline","Mouthing",47.5,37,13,79.88,10,9,9,4,18,"D","F"
140,"Post-induction","Mouthing",51.25,37,13,79.88,10,9,9,4,18,"D","F"
140,"Post-motor","Mouthing",71.75,37,13,79.88,10,9,9,4,18,"D","F"
141,"Baseline","Mouthing",64.88,29,22,53,5.88,12,16,1,22,"G","F"
141,"Post-induction","Mouthing",88.13,29,22,53,5.88,12,16,1,22,"G","F"
141,"Post-motor","Mouthing",39.13,29,22,53,5.88,12,16,1,22,"G","F"
142,"Baseline","Mouthing",27.5,31,16,65.75,34.88,12,12,1,30,"D","F"
142,"Post-induction","Mouthing",55,31,16,65.75,34.88,12,12,1,30,"D","F"
142,"Post-motor","Mouthing",60,31,16,65.75,34.88,12,12,1,30,"D","F"
143,"Baseline","Mouthing",15.5,39,13,38.25,45.88,15,14,2,18,"D","F"
143,"Post-induction","Mouthing",26.13,39,13,38.25,45.88,15,14,2,18,"D","F"
143,"Post-motor","Mouthing",31.75,39,13,38.25,45.88,15,14,2,18,"D","F"
144,"Baseline","Mouthing",2.63,33,18,100,0,14,17,1,20,"D","F"
144,"Post-induction","Mouthing",79.88,33,18,100,0,14,17,1,20,"D","F"
144,"Post-motor","Mouthing",85.88,33,18,100,0,14,17,1,20,"D","F"
145,"Baseline","Tapping",48.88,28,32,79.38,23,15,9,0.8,19,"D","F"
145,"Post-induction","Tapping",43.13,28,32,79.38,23,15,9,0.8,19,"D","F"
145,"Post-motor","Tapping",49.25,28,32,79.38,23,15,9,0.8,19,"D","F"
146,"Baseline","Tapping",69.25,24,13,38,11.25,12,7,1,30,"G","F"
146,"Post-induction","Tapping",61.75,24,13,38,11.25,12,7,1,30,"G","F"
146,"Post-motor","Tapping",32.63,24,13,38,11.25,12,7,1,30,"G","F"
147,"Baseline","Mouthing",30,31,16,75.13,7.88,14,13,4,18,"G","F"
147,"Post-induction","Mouthing",61.63,31,16,75.13,7.88,14,13,4,18,"G","F"
147,"Post-motor","Mouthing",80.13,31,16,75.13,7.88,14,13,4,18,"G","F"
148,"Baseline","Tapping",21.13,36,16,4.88,51.25,19,13,3,22,"D","H"
148,"Post-induction","Tapping",10.25,36,16,4.88,51.25,19,13,3,22,"D","H"
148,"Post-motor","Tapping",34.88,36,16,4.88,51.25,19,13,3,22,"D","H"
149,"Baseline","Tapping",16.88,32,14,9,39,9,12,2,19,"D","F"
149,"Post-induction","Tapping",4,32,14,9,39,9,12,2,19,"D","F"
149,"Post-motor","Tapping",9.13,32,14,9,39,9,12,2,19,"D","F"
150,"Baseline","Tapping",51.13,31,15,49,27.38,14,12,0.666666666666667,22,"D","H"
150,"Post-induction","Tapping",43.88,31,15,49,27.38,14,12,0.666666666666667,22,"D","H"
150,"Post-motor","Tapping",43.88,31,15,49,27.38,14,12,0.666666666666667,22,"D","H"
151,"Baseline","Tapping",18.13,28,23,28.25,63.5,10,10,2,23,"D","F"
151,"Post-induction","Tapping",32.38,28,23,28.25,63.5,10,10,2,23,"D","F"
151,"Post-motor","Tapping",8.88,28,23,28.25,63.5,10,10,2,23,"D","F"
152,"Baseline","Tapping",57.13,21,18,63.88,63.13,15,13,5,20,"D","F"
152,"Post-induction","Tapping",75.25,21,18,63.88,63.13,15,13,5,20,"D","F"
152,"Post-motor","Tapping",49.38,21,18,63.88,63.13,15,13,5,20,"D","F"
153,"Baseline","Mouthing",10.38,35,14,80.63,76.75,14,15,1.33333333333333,24,"D","F"
153,"Post-induction","Mouthing",100,35,14,80.63,76.75,14,15,1.33333333333333,24,"D","F"
153,"Post-motor","Mouthing",25.62,35,14,80.63,76.75,14,15,1.33333333333333,24,"D","F"
154,"Baseline","Tapping",15.88,31,13,49.5,19.5,9,14,1.25,18,"D","F"
154,"Post-induction","Tapping",57,31,13,49.5,19.5,9,14,1.25,18,"D","F"
154,"Post-motor","Tapping",54.87,31,13,49.5,19.5,9,14,1.25,18,"D","F"
155,"Baseline","Mouthing",0,24,11,55.25,0,9,6,1.66666666666667,22,"D","F"
155,"Post-induction","Mouthing",64.25,24,11,55.25,0,9,6,1.66666666666667,22,"D","F"
155,"Post-motor","Mouthing",60.75,24,11,55.25,0,9,6,1.66666666666667,22,"D","F"
156,"Baseline","Tapping",37.13,33,19,57.88,58.38,14,13,5,20,"D","H"
156,"Post-induction","Tapping",84.38,33,19,57.88,58.38,14,13,5,20,"D","H"
156,"Post-motor","Tapping",73,33,19,57.88,58.38,14,13,5,20,"D","H"
157,"Baseline","Tapping",0,33,11,28.5,49.88,8,5,4,25,"G","F"
157,"Post-induction","Tapping",53.75,33,11,28.5,49.88,8,5,4,25,"G","F"
157,"Post-motor","Tapping",45.13,33,11,28.5,49.88,8,5,4,25,"G","F"
158,"Baseline","Mouthing",0,29,8,78.75,0,6,9,0.8,22,"F","F"
158,"Post-induction","Mouthing",0,29,8,78.75,0,6,9,0.8,22,"F","F"
158,"Post-motor","Mouthing",0,29,8,78.75,0,6,9,0.8,22,"F","F"
